"timestamp","memo"
2026-01-07 11:33:50.655394,"自動実行テスト成功"
2026-01-08 04:55:04.00142,"自動実行テスト成功"
2026-01-09 04:55:42.753287,"自動実行テスト成功"
2026-01-10 04:48:28.409203,"自動実行テスト成功"
2026-01-11 05:00:25.568811,"自動実行テスト成功"
2026-01-12 05:04:44.991735,"自動実行テスト成功"
2026-01-13 04:55:59.586992,"自動実行テスト成功"
2026-01-14 04:58:23.527256,"自動実行テスト成功"
2026-01-15 04:56:31.529546,"自動実行テスト成功"
2026-01-16 04:54:32.27791,"自動実行テスト成功"
2026-01-17 04:44:52.951286,"自動実行テスト成功"
2026-01-18 04:54:54.501741,"自動実行テスト成功"
2026-01-19 05:06:11.150563,"自動実行テスト成功"
2026-01-20 05:01:18.23858,"自動実行テスト成功"
2026-01-21 05:00:31.775028,"自動実行テスト成功"
2026-01-22 05:02:26.410499,"自動実行テスト成功"
2026-01-23 04:57:55.938004,"自動実行テスト成功"
2026-01-24 04:49:40.812444,"自動実行テスト成功"
2026-01-25 05:04:41.278421,"自動実行テスト成功"
2026-01-26 05:08:38.715723,"自動実行テスト成功"
2026-01-27 05:00:50.111045,"自動実行テスト成功"
2026-01-28 04:59:39.397638,"自動実行テスト成功"
2026-01-29 05:33:45.426476,"自動実行テスト成功"
2026-01-30 05:38:06.300081,"自動実行テスト成功"
2026-01-31 05:27:25.534472,"自動実行テスト成功"
2026-02-01 06:08:38.863986,"自動実行テスト成功"
2026-02-02 06:16:53.439355,"自動実行テスト成功"
2026-02-03 06:06:19.287219,"自動実行テスト成功"
2026-02-04 05:38:52.977597,"自動実行テスト成功"
2026-02-05 06:12:27.20316,"自動実行テスト成功"
2026-02-06 06:08:46.969294,"自動実行テスト成功"
2026-02-07 05:32:01.177654,"自動実行テスト成功"
2026-02-08 04:59:33.755254,"自動実行テスト成功"
2026-02-09 04:57:40.847145,"自動実行テスト成功"
2026-02-10 05:00:32.31021,"自動実行テスト成功"
2026-02-11 04:59:25.824344,"自動実行テスト成功"
2026-02-12 04:54:35.267705,"自動実行テスト成功"
2026-02-13 04:50:25.488443,"自動実行テスト成功"
2026-02-14 04:29:22.461378,"自動実行テスト成功"
2026-02-15 04:51:34.565326,"自動実行テスト成功"
2026-02-16 04:56:24.058661,"自動実行テスト成功"
2026-02-17 04:49:34.658352,"自動実行テスト成功"
2026-02-18 04:50:07.591475,"自動実行テスト成功"
2026-02-19 04:49:48.651373,"自動実行テスト成功"
2026-02-20 04:44:26.355977,"自動実行テスト成功"
2026-02-21 04:24:56.499757,"自動実行テスト成功"
2026-02-22 04:46:42.5838,"自動実行テスト成功"
